rank,uri,artist_names,track_name,source,peak_rank,previous_rank,weeks_on_chart,streams
1,"spotify:track:3qQbCzHBycnDpGskqOWY0E","Eslabon Armado, Peso Pluma","Ella Baila Sola","DEL Records",1,1,11,"44923596"
2,"spotify:track:7ro0hRteUMfnOioTFI5TG1","Bad Bunny","WHERE SHE GOES","Rimas Entertainment LLC",2,2,2,"37822318"
3,"spotify:track:2UW7JaomAMuX9pZrjVpHAU","Yng Lvcas, Peso Pluma","La Bebe - Remix","WM Mexico",3,4,11,"34466384"
4,"spotify:track:6pD0ufEQq0xdHSsRbg9LBK","Grupo Frontera, Bad Bunny","un x100to","Rimas Entertainment LLC.",1,3,7,"33553396"
5,"spotify:track:7FbrGaHYVDmfr7KoLIZnQ7","FIFTY FIFTY","Cupid - Twin Ver.","WM Korea",4,5,11,"31874951"
6,"spotify:track:4DHcnVTT87F0zZhRPYmZ3B","Miley Cyrus","Flowers","Columbia",1,6,20,"30871040"
7,"spotify:track:1odExI7RdWc4BT515LTAwj","David Kushner","Daylight","Miserable Music Group, LLC",5,7,7,"25508641"
8,"spotify:track:1Qrg8KqiBpW07V7PNxwwwL","SZA","Kill Bill","Top Dawg Entertainment/RCA Records",1,8,25,"25405247"
9,"spotify:track:4Dvkj6JhhA12EX05fT7y2e","Harry Styles","As It Was","Columbia",1,9,61,"25080536"
10,"spotify:track:368eeEO3Y2uZUQ6S5oIjcu","Fuerza Regida","TQM","Rancho Humilde/Street Mob Records",10,25,2,"21608146"
11,"spotify:track:0DWdj2oZMBFSzRsi2Cvfzf","KAROL G, Shakira","TQG","UMLE - Latino",1,11,14,"21420830"
12,"spotify:track:6XSqqQIy7Lm7SnwxS4NrGx","Feid, Young Miko","Classy 101","UMLE - Latino",8,13,9,"21263325"
13,"spotify:track:1s7oOCT8vauUh01PbJD6ps","Rema, Selena Gomez","Calm Down (with Selena Gomez)","Mavin Records / Jonzing World",9,14,40,"19737876"
14,"spotify:track:0V3wPSX9ygBnCm8psDIegu","Taylor Swift","Anti-Hero","Taylor Swift",1,27,32,"19591334"
15,"spotify:track:2dHHgzDwk4BJdRwy9uXhTO","Metro Boomin, The Weeknd, 21 Savage","Creepin' (with The Weeknd & 21 Savage)","Republic Records",2,16,26,"19050728"
16,"spotify:track:1haJsMtoBhHfvuM7XWuT3W","Junior H, Peso Pluma","El Azul","WEA Latina",14,17,14,"18841550"
17,"spotify:track:6T7FXSuXykeGktMLGp8WgE","Lil Durk, J. Cole","All My Life (feat. J. Cole)","Alamo",17,29,3,"18736659"
18,"spotify:track:4W4fNrZYkobj539TOWsLO2","The Weeknd, Ariana Grande","Die For You (with Ariana Grande) - Remix","XO / Republic Records",2,20,14,"18532753"
19,"spotify:track:609E1JCInJncactoMmkDon","ROSALÍA, Rauw Alejandro","BESO","Columbia Records/Duars Entertainment/Sony Music Latin",5,15,10,"18419313"
20,"spotify:track:7KA4W4McWYRpgf0fWsJZWB","Tyler, The Creator, Kali Uchis","See You Again (feat. Kali Uchis)","Columbia",16,19,14,"18310578"
21,"spotify:track:3xYJScVfxByb61dYHTwiby","Taylor Swift","Hits Different","Taylor Swift",21,-1,1,"18230273"
22,"spotify:track:1vvcEHQdaUTvWt0EIUYcFK","Kodak Black, NLE Choppa, Jimin, JVKE, Muni Long","Angel Pt. 1 (feat. Jimin of BTS, JVKE & Muni Long)","APG Inc – FF10",10,10,2,"18224003"
23,"spotify:track:4FAKtPVycI4DxoOHC01YqD","Yandel, Feid","Yandel 150","La Leyenda LLC",8,21,21,"17743206"
24,"spotify:track:7txjUEY6McJDJKqIo1Rxjp","Shakira","Acróstico","Sony Music Latin",12,12,3,"17686725"
25,"spotify:track:7K3BhSpAxZBznislvUMVtn","Morgan Wallen","Last Night","Big Loud Records / Mercury Records / Republic Records",14,26,17,"17286662"
26,"spotify:track:2mpoNBkngUEwnaKoBhZ0vl","Peso Pluma, Natanael Cano","PRC","Prajin Parlay Inc dba Prajin Records / Rancho Humilde / Los CT",9,22,18,"17206457"
27,"spotify:track:1daDRI9ahBonbWD8YcxOIB","Miley Cyrus","Angels Like You","RCA Records Label",27,30,11,"17136416"
28,"spotify:track:6AQbmUe0Qwf5PZnt4HmTXv","PinkPantheress, Ice Spice","Boy's a Liar Pt. 2","Warner Records",3,24,17,"16899073"
29,"spotify:track:1vYXt7VSjH9JIM5oRRo7vA","Dua Lipa","Dance The Night (From Barbie The Album)","Atlantic Records",29,-1,1,"16871844"
30,"spotify:track:5XeFesFbtLpXzIVDNQP22n","Arctic Monkeys","I Wanna Be Yours","Domino Recording Co",26,28,47,"16767517"
31,"spotify:track:6GGtHZgBycCgGBUhZo81xe","Lana Del Rey","Say Yes To Heaven","Polydor Records",18,18,2,"16705967"
32,"spotify:track:4uUG5RXrOk84mYEfFvj3cK","David Guetta, Bebe Rexha","I'm Good (Blue)","Parlophone UK",2,32,40,"16621485"
33,"spotify:track:2LBqCSwhJGcFQeTHMVGwy3","The Weeknd","Die For You","Universal Republic Records",12,31,68,"16582768"
34,"spotify:track:1BxfuPKGuaTgP7aM0Bbdwr","Taylor Swift","Cruel Summer","Taylor Swift",16,34,17,"16365926"
35,"spotify:track:5LrN7yUQAzvthd4QujgPFr","d4vd","Here With Me","Darkroom/Interscope Records",14,35,31,"15742415"
36,"spotify:track:4zmKGsrXjLmljb5fTaBTot","Taylor Swift, Lana Del Rey","Snow On The Beach (feat. More Lana Del Rey)","Taylor Swift",36,-1,1,"15699786"
37,"spotify:track:26b3oVLrRUaaybJulow9kz","Libianca","People","5K Records Limited",37,40,20,"15659949"
38,"spotify:track:4i6cwNY6oIUU2XZxPIw82Y","Taylor Swift, Ice Spice","Karma (feat. Ice Spice)","Taylor Swift",38,-1,1,"15413924"
39,"spotify:track:1DmW5Ep6ywYwxc2HMT5BG6","Loreen","Tattoo","Universal Music AB",11,23,3,"15338368"
40,"spotify:track:1lRtH4FszTrwwlK5gTSbXO","Natanael Cano, Peso Pluma, Gabito Ballesteros","AMG","WEA Latina",18,33,21,"15187805"
41,"spotify:track:4fYte8ZvTK14NEhAOZocBi","OneRepublic","I Ain't Worried","Interscope Records",7,42,52,"15032259"
42,"spotify:track:0JmnkIqdlnUzPaf8sqBRs3","Kali Uchis","Moonlight","Geffen Records",37,41,12,"14802576"
43,"spotify:track:5odlY52u43F5BjByhxg7wg","JVKE","golden hour","JVKE",14,38,40,"14604749"
44,"spotify:track:7jtQIBanIiJOMS6RyCx6jZ","Tom Odell","Another Love","ITNO/Columbia",15,37,112,"14444198"
45,"spotify:track:7MXVkk9YMctZqd1Srtv4MB","The Weeknd, Daft Punk","Starboy","Universal Republic Records",1,36,139,"14393129"
46,"spotify:track:1Y3LN4zO1Edc2EluIoSPJN","Stephen Sanchez, Em Beihold","Until I Found You (with Em Beihold) - Em Beihold Version","Republic Records",10,39,26,"14362986"
47,"spotify:track:3tt9i3Hhzq84dPS8H7iSiJ","Manuel Turizo","La Bachata","Sony Music Latin/La Industria",4,45,48,"14114035"
48,"spotify:track:2VzCjpKvPB1l1tqLndtAQa","Peso Pluma","Por las Noches","El Cártel de Los Ángeles",25,43,14,"14054402"
49,"spotify:track:1zsPaEkglFvxjAhrM8yhpr","Ozuna, Feid","Hey Mor","Aura Music Corp.",14,48,33,"13844079"
50,"spotify:track:4nrPB8O7Y7wsOCJdgXkthe","Bizarrap, Shakira","Shakira: Bzrp Music Sessions, Vol. 53","DALE PLAY Records",2,44,21,"13742303"
51,"spotify:track:4JdSXF2p71cr8uCY3UiJM0","Yahritza Y Su Esencia, Grupo Frontera","Frágil","Lumbre Music/Columbia",46,46,7,"13725113"
52,"spotify:track:0NZPBYD5qbEWRs3PrGiRkT","Sam Smith, Kim Petras","Unholy (feat. Kim Petras)","Capitol Records UK / EMI",1,47,36,"13549810"
53,"spotify:track:3Ua0m0YmEjrMi9XErKcNiR","Jimin","Like Crazy","BIGHIT MUSIC",15,49,10,"13441266"
54,"spotify:track:3AJwUDP919kvQ9QcozQPxg","Coldplay","Yellow","Parlophone UK",50,50,128,"13364394"
55,"spotify:track:0PB0O24JqAuNdOAFVJljMS","Eladio Carrion, Bad Bunny","Coco Chanel","Rimas Entertainment LLC",13,52,11,"12883625"
56,"spotify:track:1u8c2t2Cy7UBoG4ArRcF5g","Taylor Swift","Blank Space","Big Machine Records, LLC",56,59,77,"12827376"
57,"spotify:track:2tTmW7RDtMQtBk7m2rYeSw","Bizarrap, Quevedo","Quevedo: Bzrp Music Sessions, Vol. 52","DALE PLAY Records",1,56,47,"12588172"
58,"spotify:track:3BKD1PwArikchz2Zrlp1qi","David Guetta, Anne-Marie, Coi Leray","Baby Don't Hurt Me","Parlophone UK",58,72,8,"12570001"
59,"spotify:track:0VjIjW4GlUZAMYd2vXMi3b","The Weeknd","Blinding Lights","Republic Records",1,58,183,"12318764"
60,"spotify:track:0qCPD6ilr9nXkI4KVZgcns","Eden Muñoz, Junior H","Abcdario","Lizos Music",53,53,2,"12175444"
61,"spotify:track:1mea3bSkSGXuIRvnydlB5b","Coldplay","Viva La Vida","Parlophone UK",57,61,40,"12157285"
62,"spotify:track:2HbKqm4o0w5wEeEFXm2sD4","Kendrick Lamar, Jay Rock","Money Trees","Aftermath",62,68,20,"12124394"
63,"spotify:track:5eTaQYBE1yrActixMAeLcZ","Calvin Harris, Ellie Goulding","Miracle (with Ellie Goulding)","Columbia",63,67,12,"12078721"
64,"spotify:track:561jH07mF1jHuk7KlaeF0s","Eminem","Mockingbird","Aftermath",24,57,33,"12062309"
65,"spotify:track:3USxtqRwSYz57Ewm6wWRMp","Glass Animals","Heat Waves","Polydor Records",1,55,127,"12056249"
66,"spotify:track:6Sq7ltF9Qa7SNFBsV5Cogx","Bad Bunny, Chencho Corleone","Me Porto Bonito","Rimas Entertainment LLC",2,63,56,"11965674"
67,"spotify:track:2QjOHCTQ1Jl3zawyYOpxh6","The Neighbourhood","Sweater Weather","Columbia",19,65,144,"11859081"
68,"spotify:track:0ug5NqcwcFR2xrfTkc7k8e","Taylor Swift","Style","Big Machine Records, LLC",68,71,11,"11841121"
69,"spotify:track:5RcxRGvmYai7kpFSfxe5GY","Becky G, Peso Pluma","Chanel","Kemosabe Records/RCA Records",49,64,8,"11763750"
70,"spotify:track:26cvTWJq2E1QqN4jyH2OTU","Anggi Marito","Tak Segampang Itu","PT. Universal Music Indonesia",70,77,5,"11746926"
71,"spotify:track:6n2P81rPk2RTzwnNNgFOdb","Peso Pluma","Bye","Double P Records",71,-1,1,"11670870"
72,"spotify:track:4R2kfaDFhslZEMJqAFNpdd","Taylor Swift","cardigan","Taylor Swift",1,66,23,"11629683"
73,"spotify:track:4iZ4pt7kvcaH6Yo8UoZ4s2","SZA","Snooze","Top Dawg Entertainment/RCA Records",32,69,23,"11454275"
74,"spotify:track:7KokYm8cMIXCsGVmUvKtqf","Taylor Swift","Karma","Taylor Swift",8,90,14,"11385064"
75,"spotify:track:2eAvDnpXP5W0cVtiI0PUxV","Ruth B.","Dandelions","Columbia",34,86,94,"11383604"
76,"spotify:track:6TBzRwnX2oYd8aOrOuyK1p","Oscar Maydon, Junior H","Fin de Semana","Rancho Humilde",45,74,20,"11374427"
77,"spotify:track:54ipXppHLA8U4yqpOFTUhr","Imagine Dragons","Bones","Kid Ina Korner / Interscope",26,70,64,"11372953"
78,"spotify:track:2CeKVsFFXG4QzA415QygGb","Feid","Feliz Cumpleaños Ferxxo","UMLE - Latino",32,75,41,"11332736"
79,"spotify:track:3kf0WdFOalKWBkCCLJo4mA","Chino Pacas","El Gordo Trae El Mando","STREET MOB",27,54,16,"11317206"
80,"spotify:track:567e29TDzLwZwfDuEpGTwo","The Kid LAROI, Justin Bieber","STAY (with Justin Bieber)","Columbia",1,78,99,"11172020"
81,"spotify:track:505v13epFXodT9fVAJ6h8k","KAROL G","AMARGURA","UMLE - Latino",81,113,2,"11076077"
82,"spotify:track:69CrOS7vEHIrhC2ILyEi0s","JISOO","FLOWER","YG Entertainment/Interscope Records",10,62,9,"11038511"
83,"spotify:track:2mnXxnrX5vCGolNkaFvVeM","Arcángel, Bad Bunny","La Jumpa","Rimas Entertainment LLC.",8,88,26,"11018003"
84,"spotify:track:65FftemJ1DbbZ45DUfHJXE","NewJeans","OMG","ADOR",14,79,22,"10971808"
85,"spotify:track:3sqrvkNC6IPTIXvvbx9Arw","Taylor Swift","Enchanted","Big Machine Records, LLC",61,87,22,"10928287"
86,"spotify:track:6Um358vY92UBv5DloTRX9L","Carin Leon, Grupo Frontera","Que Vuelvas","BorderKid Records/Sony Music Latin",36,73,22,"10776221"
87,"spotify:track:51FvjPEGKq2zByeeEQ43V9","Marshmello, Manuel Turizo","El Merengue","Sony Music Latin",59,80,13,"10762328"
88,"spotify:track:5mHdCZtVyb4DcJw8799hZp","RAYE, 070 Shake","Escapism.","Human Re Sources",10,81,27,"10752524"
89,"spotify:track:5w40ZYhbBMAlHYNDaVJIUu","Post Malone","Chemical","Mercury Records/Republic Records",18,76,7,"10697780"
90,"spotify:track:5Odq8ohlgIbQKMZivbWkEo","Charlie Puth, Jung Kook, BTS","Left and Right (Feat. Jung Kook of BTS)","Atlantic Records",7,156,44,"10614807"
91,"spotify:track:0RiRZpuVRbi7oqRdSMwhQY","Post Malone, Swae Lee","Sunflower - Spider-Man: Into the Spider-Verse","Republic Records",1,96,234,"10609944"
92,"spotify:track:6l8mgVN9Xf1hiDIFGA6CTE","Beyoncé, Kendrick Lamar","AMERICA HAS A PROBLEM (feat. Kendrick Lamar)","Parkwood Entertainment/Columbia",92,99,2,"10592389"
93,"spotify:track:7sliFe6W30tPBPh6dvZsIH","Kali","Area Codes","Atlantic Records",93,108,3,"10564758"
94,"spotify:track:68Dni7IE4VyPkTOH9mRWHr","J. Cole","No Role Modelz","Roc Nation Records LLC",76,100,97,"10533321"
95,"spotify:track:7j4OmvkjRz0PrjFADlHfQx","Adele","Set Fire to the Rain","XL Recordings",61,84,25,"10526613"
96,"spotify:track:3p7XQpdt8Dr6oMXSvRZ9bg","Ed Sheeran","Eyes Closed","Atlantic Records UK",27,82,10,"10488406"
97,"spotify:track:7mpdNiaQvygj2rHoxkzMfa","ENHYPEN","Bite Me","BELIFT LAB",97,195,2,"10413428"
98,"spotify:track:50x1Ic8CaXkYNvjmxe3WXy","New West","Those Eyes","Republic Records",86,95,22,"10380865"
99,"spotify:track:5jQI2r1RdgtuT8S3iG8zFC","Taylor Swift","Lavender Haze","Taylor Swift",2,167,32,"10226732"
100,"spotify:track:6JIC3hbC28JZKZ8AlAqX8h","Elton John, Dua Lipa, PNAU","Cold Heart - PNAU Remix","EMI",4,114,94,"10141420"
101,"spotify:track:1FEiijYPJtyswChfcpv3p0","Lana Del Rey","Summertime Sadness","Polydor Records",94,123,42,"10141147"
102,"spotify:track:0tgVpDi06FyKpA1z0VMD4v","Ed Sheeran","Perfect","Atlantic Records UK",4,98,324,"10133479"
103,"spotify:track:1xK59OXxi2TAAAbmZK0kBL","d4vd","Romantic Homicide","Darkroom/Interscope Records",17,92,39,"10130065"
104,"spotify:track:5wG3HvLhF6Y5KTGlK0IW3J","Metro Boomin, Travis Scott, Young Thug","Trance (with Travis Scott & Young Thug)","Republic Records",65,105,14,"10112960"
105,"spotify:track:5IgjP7X4th6nMNDh4akUHb","Chris Brown","Under The Influence","Chris Brown Entertainment/RCA Records",6,93,45,"10077230"
106,"spotify:track:0IKeDy5bT9G0bA7ZixRT4A","Fuerza Regida, Grupo Frontera","Bebe Dame","Rancho Humilde/Street Mob Records",20,97,22,"10056903"
107,"spotify:track:3k3NWokhRRkEPhCzPmV8TW","Bad Bunny, Bomba Estéreo","Ojitos Lindos","Rimas Entertainment LLC",3,83,56,"10017829"
108,"spotify:track:5O2P9iiztwhomNh8xkR9lJ","One Direction","Night Changes","Syco Music",108,109,52,"9953836"
109,"spotify:track:6UN73IYd0hZxLi8wFPMQij","Coi Leray","Players","Uptown / Republic Records",20,101,19,"9900832"
110,"spotify:track:4uOBL4DDWWVx4RhYKlPbPC","(G)I-DLE","Queencard","Cube Entertainment",110,117,2,"9899933"
111,"spotify:track:7aRCf5cLOFN1U7kvtChY1G","Drake","Search & Rescue","OVO/Republic Records",7,89,8,"9896307"
112,"spotify:track:0JXXNGljqupsJaZsgSbMZV","Miguel","Sure Thing","Jive",14,107,25,"9877582"
113,"spotify:track:0CYTGMBYkwUxrj1MWDLrC5","Feid","CHORRITO PA LAS ANIMAS","UMLE - Latino",42,102,23,"9831000"
114,"spotify:track:7MVIfkyzuUmQ716j8U7yGR","Taiu, Milo j","Rara Vez","Universal Music Argentina S.A.",40,85,14,"9770552"
115,"spotify:track:4uqJelb9THHmJ3OCohg4ZJ","AgroPlay, Ana Castela","Nosso Quadro","AgroPlay",50,94,15,"9746891"
116,"spotify:track:7ovUcF5uHTBRzUpB6ZOmvt","YOASOBI","アイドル","YOASOBI",95,119,7,"9609595"
117,"spotify:track:2a1o6ZejUi8U3wzzOtCOYw","Don Omar, Lucenzo","Danza Kuduro","UMLE - Machete",117,140,4,"9596436"
118,"spotify:track:7lQ8MOhq6IN2w8EYcFNSUk","Eminem","Without Me","Aftermath",31,118,88,"9592641"
119,"spotify:track:7qEHsqek33rTcFNT9PFqLf","Lewis Capaldi","Someone You Loved","Vertigo Berlin",4,103,229,"9579916"
120,"spotify:track:5QW9K4A1gMnIi94YUxtsfM","Sachin-Jigar, Arijit Singh, Amitabha Bhattacharya","Phir Aur Kya Chahiye (From ""Zara Hatke Zara Bachke"")","Saregama",120,-1,1,"9554790"
121,"spotify:track:58ge6dfP91o9oXMzq3XkIS","Arctic Monkeys","505","Domino/Warner Records",43,128,74,"9543314"
122,"spotify:track:0u2P5u6lvoDfwTYjAADbn4","Billie Eilish, Khalid","lovely (with Khalid)","Darkroom",24,106,267,"9488069"
123,"spotify:track:6dgUya35uo964z7GZXM07g","Sabrina Carpenter","Nonsense","Island Records",17,135,20,"9467641"
124,"spotify:track:1R0a2iXumgCiFb7HEZ7gUE","Taylor Swift","Don’t Blame Me","Big Machine Records, LLC",72,110,41,"9331238"
125,"spotify:track:0T2pB7P1VdXPhLdQZ488uH","Feid","Normal","UMLE - Latino",57,129,43,"9319983"
126,"spotify:track:0pqnGHJpmpxLKifKRmU6WP","Imagine Dragons","Believer","Kid Ina Korner / Interscope",16,112,330,"9272206"
127,"spotify:track:1IHWl5LamUGEuP4ozKQSXZ","Bad Bunny","Tití Me Preguntó","Rimas Entertainment LLC",4,125,56,"9266864"
128,"spotify:track:7yq4Qj7cqayVTp3FF9CWbm","Vance Joy","Riptide","Atlantic Records",85,130,120,"9240467"
129,"spotify:track:7Lkxvfl2rkNYWS4kBDCQtN","Peso Pluma, Blessd","Las Morras","Prajin Parlay Inc dba Prajina Records / Worms Music / Warner Music Colombia / Warner Music Latina / JM WORLD MUSIC / CIGOL",87,120,7,"9238086"
130,"spotify:track:76OGwb5RA9h4FxQPT33ekc","Rosa Linn","SNAP","Columbia",16,122,47,"9190065"
131,"spotify:track:4k6Uh1HXdhtusDW5y8Gbvy","Steve Lacy","Bad Habit","L-M Records/RCA Records",10,141,47,"9186515"
132,"spotify:track:6UelLqGlWMcVH1E5c4H7lY","Harry Styles","Watermelon Sugar","Columbia",4,124,185,"9160042"
133,"spotify:track:0UbesRsX2TtiCeamOIVEkp","Fuerza Regida, Natanael Cano","Ch y la Pizza","Rancho Humilde/Street Mob Records",49,116,19,"9145093"
134,"spotify:track:4RvWPyQ5RL0ao9LPZeSouE","Tears For Fears","Everybody Wants To Rule The World","UMC (Universal Music Catalogue)",105,133,38,"9089632"
135,"spotify:track:12YCtLHGk6tP6RbHDHflCs","MC Caverinha, KayBlack, Wall Hein","Cartão Black","Som Livre",91,91,2,"9084213"
136,"spotify:track:1xzi1Jcr7mEi9K2RfzLOqS","Beyoncé","CUFF IT","Parkwood Entertainment/Columbia",13,147,41,"9049556"
137,"spotify:track:1Lo0QY9cvc8sUB2vnIOxDT","Luke Combs","Fast Car","River House Artists/Columbia Nashville",126,146,8,"9021857"
138,"spotify:track:22skzmqfdWrjJylampe0kt","Macklemore & Ryan Lewis, Macklemore, Ryan Lewis, Ray Dalton","Can't Hold Us (feat. Ray Dalton)","Macklemore",107,144,68,"9019585"
139,"spotify:track:37F0uwRSrdzkBiuj0D5UHI","The Weeknd","Reminder","Universal Republic Records",65,111,25,"8994043"
140,"spotify:track:2WfaOiMkCvy7F5fcp2zZ8L","a-ha","Take on Me","Rhino",127,127,8,"8956434"
141,"spotify:track:0ll8uFnc0nANY35E0Lfxvg","Keane","Somewhere Only We Know","Interscope",120,131,32,"8933951"
142,"spotify:track:6I3mqTwhRpn34SLVafSH7G","Justin Bieber","Ghost","RBMG/Def Jam",11,121,89,"8884771"
143,"spotify:track:1MB8kTH7VKvAMfL9SHgJmG","Sebastian Yatra, Manuel Turizo, Beéle","VAGABUNDO","UMLE - Latino",143,159,2,"8869930"
144,"spotify:track:2Hh3ETdQKrmSI3QS0hme7g","Metro Boomin, Future, Don Toliver","Too Many Nights (feat. Don Toliver & with Future)","Republic Records",33,143,15,"8749185"
145,"spotify:track:0vjeOZ3Ft5jvAi9SBFJm1j","Metro Boomin, Future, Chris Brown","Superhero (Heroes & Villains) [with Future & Chris Brown]","Republic Records",15,136,26,"8741654"
146,"spotify:track:3rWDp9tBPQR9z6U5YyRSK4","Taylor Swift","Midnight Rain","Taylor Swift",4,-1,22,"8688804"
147,"spotify:track:3Gs7mVfWKl567mjozgxmXv","Feid, Sean Paul","Niña Bonita","UMLE - Latino",63,148,6,"8666580"
148,"spotify:track:1bDbXMyjaUIooNwFE9wn0N","Drake, 21 Savage","Rich Flex","OVO / Republic Records",2,155,30,"8646901"
149,"spotify:track:5Eax0qFko2dh7Rl2lYs3bx","Bad Bunny","Efecto","Rimas Entertainment LLC",6,138,56,"8618825"
150,"spotify:track:4FyesJzVpA39hbYvcseO2d","Lil Uzi Vert","Just Wanna Rock","Generation Now/Atlantic",30,142,32,"8580196"
151,"spotify:track:04ndZkbKGthTgYSv3xS7en","TINI","Cupido","5020 Records",49,139,15,"8561608"
152,"spotify:track:3tiJUOfAEqIrLFRQgGgdoY","Big One, FMK, Ke Personajes","Un Finde | CROSSOVER #2","Fifty One",85,115,8,"8520484"
153,"spotify:track:2tpWsVSb9UEmDRxAl1zhX1","OneRepublic","Counting Stars","Mosley / Interscope",101,179,111,"8510319"
154,"spotify:track:5RX8T3EoTuXcybAxe6oPAw","Käärijä","Cha Cha Cha","WM Finland",20,51,3,"8450614"
155,"spotify:track:3AVrVz5rK8Hrqo9YGiVGN5","Cigarettes After Sex","Apocalypse","PTKF",89,151,47,"8443350"
156,"spotify:track:2L9N0zZnd37dwF0clgxMGI","Lizzy McAlpine","ceilings","Harbour Artists & Music",35,149,15,"8431465"
157,"spotify:track:13Z5Q40pa1Ly7aQk1oW8Ce","Nicky Jam, Feid","69","Sony Music Latin",157,164,2,"8398060"
158,"spotify:track:456WNXWhDwYOSf5SpTuqxd","Florence + The Machine","Dog Days Are Over","Universal-Island Records Ltd.",125,126,3,"8392779"
159,"spotify:track:3F5CgOj3wFlRv51JsHbxhe","Drake, 21 Savage","Jimmy Cooks (feat. 21 Savage)","OVO",7,157,50,"8323632"
160,"spotify:track:1zv3WFUbZ5vPxFq9I2jAU1","Rihanna, Calvin Harris","We Found Love","Def Jam Recordings",59,175,16,"8316213"
161,"spotify:track:46IZ0fSY2mpAiktS3KOqds","Adele","Easy On Me","Columbia",1,150,85,"8290398"
162,"spotify:track:6VhuP99TE6gYNQRJIlAWFD","Stephen Sanchez","Until I Found You","Republic Records",20,153,56,"8284255"
163,"spotify:track:7qiZfU4dY1lWllzX7mPBI3","Ed Sheeran","Shape of You","Atlantic Records UK",1,158,319,"8260565"
164,"spotify:track:6otePxalBK8AVa20xhZYVQ","KAROL G","MIENTRAS ME CURO DEL CORA","UMLE - Latino",42,137,14,"8260428"
165,"spotify:track:2AaaE0qvFWtyT8srKNfRhH","Raim Laode","Komang","Raim Laode",61,154,14,"8253061"
166,"spotify:track:1DxEbt6OSbrkRthk6pjZue","LiL CaKe, Migrantes, Nico Valdi","MERCHO","Sony Music Argentina",41,160,18,"8192145"
167,"spotify:track:3HqcNJdZ2seoGxhn0wVNDK","KAROL G","PROVENZA","UMLE - Latino",6,174,58,"8169555"
168,"spotify:track:5QO79kh1waicV47BqGRL3g","The Weeknd","Save Your Tears","Republic Records",2,145,130,"8131502"
169,"spotify:track:2J2Z1SkXYghSajLibnQHOa","Sia","Unstoppable","Monkey Puzzle Records/RCA Records",96,171,68,"8105239"
170,"spotify:track:5FVd6KXrgO9B3JPmC8OPst","Arctic Monkeys","Do I Wanna Know?","Domino Recording Co",98,187,89,"8098389"
171,"spotify:track:4hKLzFvNwHF6dPosGT30ed","Veigh, Bvga Beatz, Prod Malax, Supernova Ent","Novo Balanço","Supernova Entertainment Under Exclusive License to UnitedMasters",171,-1,1,"8092985"
172,"spotify:track:6dBUzqjtbnIa1TwYbyw5CM","TV Girl","Lovers Rock","TV Girl",148,181,12,"8057914"
173,"spotify:track:51vRumtqbkNW9wrKfESwfu","LE SSERAFIM, Nile Rodgers","UNFORGIVEN (feat. Nile Rodgers)","SOURCE MUSIC",77,132,4,"8046145"
174,"spotify:track:4ewazQLXFTDC8XvCbhvtXs","Joji","Glimpse of Us","88rising Music/Warner Records",1,170,51,"8044880"
175,"spotify:track:3azJifCSqg9fRij2yKIbWz","Tory Lanez","The Color Violet","One Umbrella Records",70,168,22,"8037998"
176,"spotify:track:70LcF31zb1H0PyJoS1Sx1r","Radiohead","Creep","XL Recordings",152,152,3,"8036800"
177,"spotify:track:3yfqSUWxFvZELEM4PmlwIR","Eminem","The Real Slim Shady","Interscope",51,184,104,"8027472"
178,"spotify:track:1JSTJqkT5qHq8MDJnJbRE1","The Police","Every Breath You Take","Polydor Records",109,172,80,"8015719"
179,"spotify:track:1zi7xx7UVEFkmKfv06H8x0","Drake, Wizkid, Kyla","One Dance","Cash Money Records/Young Money Ent./Universal Rec.",12,165,145,"7989746"
180,"spotify:track:0B7wvvmu9EISAwZnOpjhNI","Bruno Mars","When I Was Your Man","Atlantic Records",72,163,40,"7968442"
181,"spotify:track:6dXiWwFrcGieqnoLYzPNp5","Mahalini","Sial","Hits records",71,186,10,"7937162"
182,"spotify:track:5AqiaZwhmC6dIbgWrD5SzV","Bizarrap, Peso Pluma","Peso Pluma: Bzrp Music Sessions, Vol. 55","DALE PLAY Records",182,-1,1,"7913713"
183,"spotify:track:5gDWsRxpJ2lZAffh5p7K0w","The Weeknd, Lana Del Rey","Stargirl Interlude","Universal Republic Records",111,161,44,"7905443"
184,"spotify:track:4woTEX1wYOTGDqNXuavlRC","Eminem, Dina Rae","Superman","Aftermath",108,199,34,"7863816"
185,"spotify:track:4NoOME4Dhf4xgxbHDT7VGe","KAROL G, Romeo Santos","X SI VOLVEMOS","UMLE - Latino",13,169,17,"7846620"
186,"spotify:track:6RUKPb4LETWmmr3iAEQktW","The Chainsmokers, Coldplay","Something Just Like This","Disruptor Records/Columbia",2,190,190,"7824556"
187,"spotify:track:2ksyzVfU0WJoBpu8otr4pz","INTERWORLD","METAMORPHOSIS","INTERWORLD",96,180,24,"7819062"
188,"spotify:track:3xWGA8pa0IKFI7IMPri4P0","Ed Sheeran","Shivers","Atlantic Records UK",4,189,90,"7812505"
189,"spotify:track:0nrRP2bk19rLc0orkWPQk2","Avicii","Wake Me Up","Universal Music AB",13,-1,91,"7812134"
190,"spotify:track:0cqRj7pUJDkTCEsJkx8snD","Taylor Swift","Shake It Off","Big Machine Records, LLC",143,194,4,"7809108"
191,"spotify:track:1v7L65Lzy0j0vdpRjJewt1","Eminem","Lose Yourself","Aftermath",44,198,123,"7770329"
192,"spotify:track:4P9Q0GojKVXpRTJCaL3kyy","Taylor Swift","All Of The Girls You Loved Before","Taylor Swift",12,196,11,"7763687"
193,"spotify:track:4h4QlmocP3IuwYEj2j14p8","Nicky Youre, dazy","Sunroof","Thirty Knots/Columbia",28,-1,48,"7745068"
194,"spotify:track:3PH1nUysW7ybo3Yu8sqlPN","Israel & Rodolffo, Mari Fernandez","Seu Brilho Sumiu - Ao Vivo","Som Livre",146,173,5,"7736099"
195,"spotify:track:5qaEfEh1AtSdrdrByCP7qR","Imagine Dragons","Demons","Kid Ina Korner / Interscope",147,177,30,"7727689"
196,"spotify:track:1cKHdTo9u0ZymJdPGSh6nq","The Weeknd, Gesaffelstein","I Was Never There","Universal Republic Records",17,200,52,"7723423"
197,"spotify:track:3hxIUxnT27p5WcmjGUXNwx","Hotel Ugly","Shut up My Moms Calling","Hotel Ugly, under exclusive license to Amuseio AB",89,176,28,"7710944"
198,"spotify:track:1fXnu2HzxbDtoyvFPWG3Bw","Lil Durk, Morgan Wallen","Stand By Me (feat. Morgan Wallen)","Alamo",198,-1,1,"7694527"
199,"spotify:track:1dGr1c8CrMLDpV6mPbImSI","Taylor Swift","Lover","Taylor Swift",2,-1,17,"7688238"
200,"spotify:track:0Ymjv0OJeIIPXr6s9wi3iW","Lil Mabu","MATHEMATICAL DISRESPECT","Lil Mabu",69,104,3,"7676830"
